AircraftID,FirstCreated,LastModified,ModeS,ModeSCountry,Country,Registration,CurrentRegDate,PreviousID,FirstRegDate,Status,DeRegDate,Manufacturer,ICAOTypeCode,Type,SerialNo,PopularName,GenericName,AircraftClass,Engines,OwnershipStatus,RegisteredOwners,MTOW,TotalHours,YearBuilt,CofACategory,CofAExpiry,UserNotes,Interested,UserTag,InfoURL,PictureURL1,PictureURL2,PictureURL3,UserBool1,UserBool2,UserBool3,UserBool4,UserBool5,UserString1,UserString2,UserString3,UserString4,UserString5,UserInt1,UserInt2,UserInt3,UserInt4,UserInt5,OperatorFlagCode
862209,"2023-12-11 23:08:47","2023-12-11 23:08:47",A97D9E,"United States","United States",N710SA,,,,,,"Israel Aircraft Industries",WW24,"Israel Aircraft Industries 1124 Westwind",296,,,,,,"Soleil Air Inc",,,1980,,,,0,,,,,,0,0,0,0,0,,,,,,0,0,0,0,0,GEN-WW24
862191,"2023-12-11 22:55:26","2023-12-11 22:55:26",4CA617,Ireland,Ireland,EI-FJN,,,,,,Boeing,B738,"Boeing 737NG 8JP/W",41152,,,,,,"Norwegian Air International",,,2016,,,,0,,,,,,0,0,0,0,0,,,,,,0,0,0,0,0,IBK
511438,"2023-05-26 19:25:07","2023-12-11 22:37:49",39A206,France,France,F-HIQG,,,,,,Boeing,B738,"Boeing 737-86N(BCF)",30806,,,,,,"ASL Airlines France",,,2001,,,,0,reset,,,,,0,0,0,0,0,,,,,,0,0,0,0,0,FPO
862126,"2023-12-11 22:07:27","2023-12-11 22:07:27",AC8C2A,"United States","United States",HL1139,,,,,,Cessna,C206,"Cessna T206H Turbo Stationair",T20608992,,,,,,Private,,,2010,,,,0,,,,,,0,0,0,0,0,,,,,,0,0,0,0,0,GEN-C206
862114,"2023-12-11 22:02:21","2023-12-11 22:02:21",A2D5D0,"United States","United States",N282EC,,,,,,"Gulfstream Aerospace",G280,"Gulfstream Aerospace G280",2013,,,,,,"Millbrook Air",,,2012,,,,0,,,,,,0,0,0,0,0,,,,,,0,0,0,0,0,GEN-G280
862094,"2023-12-11 21:50:24","2023-12-11 21:50:24",A57920,"United States","United States",N4517,,,,,,Pietenpol,CAMP,"Pietenpol Aircamper",CM1,,,,,,Private,,,1968,,,,0,,,,,,0,0,0,0,0,,,,,,0,0,0,0,0,GEN-CAMP
862092,"2023-12-11 21:49:33","2023-12-11 21:49:33",49D1C0,"Czech Republic","Czech Republic",OK-VRG,,,,,,Enstrom,EN48,"Enstrom 480 B",5230,,,,,,Private,,,2019,,,,0,,,,,,0,0,0,0,0,,,,,,0,0,0,0,0,GEN-EN48
482904,"2023-11-20 20:09:18","2023-12-11 21:49:19",3C1BAC,Germany,Germany,D-AZML,,,,,,Airbus,A306,"Airbus A300B4-622R(F)",770,,,,,,DHL,,,1996,,,"20/11/2023 20:09",0,,,,,,0,0,0,0,0,,,,,,1,0,0,0,0,BCS-A306D-AZML
862087,"2023-12-11 21:45:29","2023-12-11 21:45:29",A02FB6,"United States","United States",N1108U,,,,,,Hughes,H500,"Hughes 369 D",100-0817D,,,,,,Private,,,1980,,,,0,,,,,,0,0,0,0,0,,,,,,0,0,0,0,0,GEN-H500
13297,"2021-12-16 07:38:54","2023-12-11 21:16:14",4520AA,Bulgaria,Bulgaria,LZ-FBG,,,,,,Airbus,A320,"Airbus A320 214SL",6012,,,,,,Condor,,,2013,,,"leased from Bulgaria Air - 2 Apr 2022",0,reset,,,,,0,0,0,0,0,,,,,,0,0,0,0,0,CFG-A320LZ-FBG
862005,"2023-12-11 20:51:25","2023-12-11 20:51:25",C05397,Canada,Canada,C-GFRA,,,,,,Lake,LA4,"Lake Buccaneer LA-4-200",799,,,,,,Private,,,1976,,,,0,,,,,,0,0,0,0,0,,,,,,0,0,0,0,0,GEN-LA4
861970,"2023-12-11 20:31:39","2023-12-11 20:31:39",A697B6,"United States","United States",N5239R,,,,,,Cessna,C172,"Cessna 172M Skyhawk",17263453,,,,,,Private,,,,,,,0,,,,,,0,0,0,0,0,,,,,,0,0,0,0,0,GEN-C172
861950,"2023-12-11 20:24:10","2023-12-11 20:24:10",ABC78A,"United States","United States",N85809,,,,,,Aeronca,AR11,"Aeronca Chief 11AC",11AC-227,,,,,,Private,,,1946,,,,0,,,,,,0,0,0,0,0,,,,,,0,0,0,0,0,GEN-AR11
509766,"2023-05-23 01:48:05","2023-12-11 19:25:25",344043,Spain,Spain,,,,,,,,ZANT,,,,,,,,,,,,,,,0,,,,,,0,0,0,0,0,Missing,,,,,0,0,0,0,0,ZANT
861847,"2023-12-11 19:20:03","2023-12-11 19:20:03",398133,France,France,F-HAJT,,,,,,Robinson,R22,"Robinson R22 Beta II",4154,,,,,,Private,,,,,,,0,,,,,,0,0,0,0,0,,,,,,0,0,0,0,0,GEN-R22
861829,"2023-12-11 19:05:34","2023-12-11 19:05:34",4CA903,Ireland,Ireland,EI-ITA,,,,,,Airbus,A21N,"Airbus A321 251NSL",8312,,,,,,"Bamboo Airways",,,2018,,,,0,,,,,,0,0,0,0,0,,,,,,0,0,0,0,0,BAV
861811,"2023-12-11 18:53:48","2023-12-11 18:53:48",A8BB54,"United States","United States",N6617Y,,,,,,Piper,PA27,"Piper PA-23 Aztec 250C",27-3923,,,,,,Private,,,,,,,0,,,,,,0,0,0,0,0,,,,,,0,0,0,0,0,GEN-PA27
26622,"2022-05-03 02:22:35","2023-12-11 18:52:12",4864B4,Netherlands,Netherlands,,,,,,,,RDTST,,,,,,,,,,,,,,,0,,,,,,0,0,0,0,0,Missing,,,,,0,0,0,0,0,TEST
861691,"2023-12-11 17:02:14","2023-12-11 17:02:14",A5E65D,"United States","United States",N48BD,,,,,,Vans,RV4,"Vans RV-4",842,,,,,,Private,,,1989,,,,0,,,,,,0,0,0,0,0,,,,,,0,0,0,0,0,GEN-RV4
861645,"2023-12-11 16:25:21","2023-12-11 16:25:21",406A94,"United Kingdom","United Kingdom",G-EZWT,,,,,,Airbus,A320,"Airbus A320 214SL",6047,,,,,,easyJet,,,2014,,,,0,,,,,,0,0,0,0,0,,,,,,0,0,0,0,0,EZY
861635,"2023-12-11 16:16:55","2023-12-11 16:16:55",A2D42F,"United States","United States",N2811B,,,,,,"Raytheon Aircraft Company",TEX2,"Raytheon Aircraft Company T-6C Texan T.1",PM-144,,,,,,"Royal Air Force",,,,,,,0,,,,,,1,0,0,0,0,,,,,,0,0,0,0,0,
861605,"2023-12-11 15:54:27","2023-12-11 15:54:27",39D405,France,France,F-HVAF,,,,,,Robinson,R44,"Robinson R44 Raven II",12035,,,,,,Private,,,,,,,0,,,,,,0,0,0,0,0,,,,,,0,0,0,0,0,GEN-R44
861597,"2023-12-11 15:43:45","2023-12-11 15:43:45",A3038C,"United States","United States",N2934J,,,,,,Cessna,C150,"Cessna 150G",15065734,,,,,,Private,,,,,,,0,,,,,,0,0,0,0,0,,,,,,0,0,0,0,0,GEN-C150
861578,"2023-12-11 15:28:45","2023-12-11 15:28:45",C03CF0,Canada,Canada,C-FXBZ,,,,,,Bell,B407,"Bell 407 GX",54707,,,,,,"Bell Helicopter Textron Canada",,,2017,,,,0,,,,,,0,0,0,0,0,,,,,,0,0,0,0,0,GEN-B407
861500,"2023-12-11 14:29:21","2023-12-11 14:29:21",ABE28F,"United States","United States",N865MT,,,,,,Cessna,C25M,"Cessna Citation M2",525-0865,,,,,,"Textron Aviation Inc",,,2015,,,,0,,,,,,0,0,0,0,0,,,,,,0,0,0,0,0,GEN-C25M
861501,"2023-12-11 14:29:21","2023-12-11 14:29:21",C0433D,Canada,Canada,CF-ZMA,,,,,,Smith,DSA1,"Smith Miniplane DSA-1 Sailplane",1,,,,,,Private,,,,,,,0,,,,,,0,0,0,0,0,,,,,,0,0,0,0,0,GEN-DSA1
861498,"2023-12-11 14:27:47","2023-12-11 14:27:47",A9327D,"United States","United States",N692DP,,,,,,Piper,PA27,"Piper PA-23 Aztec 250D",27-4288,,,,,,Private,,,,,,,0,,,,,,0,0,0,0,0,,,,,,0,0,0,0,0,GEN-PA27
861452,"2023-12-11 13:46:12","2023-12-11 13:46:12",484AB3,Netherlands,Netherlands,PH-CCD,,,,,,"Diamond Aircraft",DA42,"Diamond Aircraft Twin Star DA42",42.332,,,,,,Private,,,,,,,0,,,,,,0,0,0,0,0,,,,,,0,0,0,0,0,GEN-DA42
861336,"2023-12-11 12:12:35","2023-12-11 12:12:35",A8D16C,"United States","United States",N6676H,,,,,,Piper,J3,"Piper J-3 C-65 Cub",19881,,,,,,Private,,,1946,,,,0,,,,,,0,0,0,0,0,,,,,,0,0,0,0,0,GEN-J3
861327,"2023-12-11 12:06:41","2023-12-11 12:06:41",4078BA,"United Kingdom","United Kingdom",G-LBRT,,,,,,Beech,BE17,"Beech Staggerwing D17S",4893,,,,,,Private,,,1943,,,,0,,,,,,0,0,0,0,0,,,,,,0,0,0,0,0,GEN-BE17
861315,"2023-12-11 12:01:35","2023-12-11 12:01:35",4009DC,"United Kingdom","United Kingdom",G-CBUB,,,,,,Bell,B412,"Bell Griffin HT.1",36297,,,,,,"FB Leasing Ltd",,,,,,,0,,,,,,0,0,0,0,0,,,,,,0,0,0,0,0,GEN-B412
861296,"2023-12-11 11:49:37","2023-12-11 11:49:37",A41A59,"United States","United States",N3634D,,,,,,Cessna,C310,"Cessna 310",35334,,,,,,Private,,,1956,,,,0,,,,,,0,0,0,0,0,,,,,,0,0,0,0,0,GEN-C310
861284,"2023-12-11 11:43:37","2023-12-11 11:43:37",50003C,"San Marino","San Marino",T7-NIK,,,,,,Dassault,F2TH,"Dassault Falcon 2000",25,,,,,,"Halkin Jet SRL",,,1996,,,,0,,,,,,0,0,0,0,0,,,,,,0,0,0,0,0,GEN-F2TH
861258,"2023-12-11 11:29:53","2023-12-11 11:29:53",A5B628,"United States","United States",N4671S,,,,,,Piper,PA32,"Piper PA-32 260 Cherokee Six D",32-7100017,,,,,,Private,,,1971,,,,0,,,,,,0,0,0,0,0,,,,,,0,0,0,0,0,GEN-PA32
860405,"2023-12-11 00:00:06","2023-12-11 10:50:58",AE58FB,"United States","United States",????,,,,,,Bell,SUCO,"Bell AH-1Z SuperCobra",,,,,,,"United States Marine Corps",,,,,,,0,,,,,,1,0,0,0,0,,,,,,0,0,0,0,0,USMC-SUCO
859874,"2023-12-10 17:06:31","2023-12-11 10:45:09",3E9B91,Germany,Germany,79+??,,,,,,"NH Industries",NH90,"NH Industries NH90-NTH",,,,,,,"German Navy",,,,,,,0,,,,,,1,0,0,0,0,,,,,,0,0,0,0,0,GNY-NH90
856194,"2023-12-08 17:02:10","2023-12-11 10:36:39",AE63C7,"United States","United States",21-46091,,,,,,Boeing,B762,"Boeing KC-46A Pegasus",,,,,,,"United States Air Force",,,,,,,0,,,,,,1,0,0,0,0,,,,,,0,0,0,0,0,RCH-KC46BOOM
856174,"2023-12-08 16:49:41","2023-12-11 10:35:51",AED9B7,"United States","United States",22-03488,,,,,,Boeing,H64,"Boeing AH-64E Apache Guardian",,,,,,,"United States Army",,,,,,,0,,,,,,1,0,0,0,0,,,,,,0,0,0,0,0,PAT-H64
540681,"2023-08-02 05:29:15","2023-12-11 08:53:36",449683,Belgium,Belgium,OO-ETC,,,,,,Embraer,E295,"Embraer E195-E2",19020053,,,,,,"TUI fly Belgium",,,2021,,,,0,reset,,,,,0,0,0,0,0,,,,,,0,0,0,0,0,JAF-E295
861007,"2023-12-11 08:01:14","2023-12-11 08:01:14",A563CC,"United States","United States",N4464A,,,,,,Piper,PA22,"Piper PA-22 150 Tri-Pacer",22-3797,,,,,,Private,,,,,,,0,,,,,,0,0,0,0,0,,,,,,0,0,0,0,0,GEN-PA22
17912,"2022-02-16 07:49:47","2023-12-11 07:32:32",48421B,Netherlands,Netherlands,,,,,,,,-GND,,,,,,,,,,,,,,,0,,,,,,0,0,0,0,0,Missing,,,,,0,0,0,0,0,GEN--GND
860967,"2023-12-11 07:26:10","2023-12-11 07:26:10",A195AF,"United States","United States",N20090,,,,,,Cessna,C172,"Cessna 172M Skyhawk",17261000,,,,,,Private,,,1972,,,,0,,,,,,0,0,0,0,0,,,,,,0,0,0,0,0,GEN-C172
2939,"2020-08-13 15:50:44","2023-12-11 07:15:32",C06E45,Canada,Canada,C-GPTS,,,,,,Airbus,A332,"Airbus A330 243",480,,,,,,"Air Transat",,,2002,,,,0,reset,,,,,0,0,0,0,0,,,,,,0,0,0,0,0,TSC-A332
41565,"2023-11-20 16:22:32","2023-12-11 07:15:00",4CA769,Ireland,Ireland,EI-EFN,,,,A,,Boeing,B738,"Boeing 737NG 8AS/W",37538,,,,,,Ryanair,,,"",,,"11/20/2023 5:01:56 PM",0,reset,,,,,0,0,0,0,0,,,,,J,0,0,30475,0,0,RYR-B738
860911,"2023-12-11 06:39:44","2023-12-11 06:39:44",AB24A6,"United States","United States",N817PD,,,,,,Cessna,C560,"Cessna Citation V",560-0075,,,,,,N-Jet,,,,,,,0,,,,,,0,0,0,0,0,,,,,,0,0,0,0,0,GEN-C560
860901,"2023-12-11 06:32:22","2023-12-11 06:32:22",874137,Japan,Japan,JA9711,,,,,,Bell,B06,"Bell 206L Long Ranger III",51221,,,,,,"Shin Nihon Helicopter",,,,,,,0,,,,,,0,0,0,0,0,,,,,,0,0,0,0,0,GEN-B06
860845,"2023-12-11 05:55:40","2023-12-11 05:55:40",A25158,"United States","United States",N2489P,,,,,,"Textron Aviation",BE58,"Textron Aviation Baron G58",TH-2489,,,,,,Private,,,2017,,,,0,,,,,,0,0,0,0,0,,,,,,0,0,0,0,0,GEN-BE58
860737,"2023-12-11 04:21:34","2023-12-11 04:21:34",A998AE,"United States","United States",N7172B,,,,,,Robinson,R44,"Robinson R44 Raven",1434,,,,,,Private,,,,,,,0,,,,,,0,0,0,0,0,,,,,,0,0,0,0,0,GEN-R44
860733,"2023-12-11 04:18:15","2023-12-11 04:18:15",AC41AF,"United States","United States",N8890U,,,,,,Cessna,C150,"Cessna 150M",15078013,,,,,,Private,,,1976,,,,0,,,,,,0,0,0,0,0,,,,,,0,0,0,0,0,GEN-C150
860723,"2023-12-11 04:12:37","2023-12-11 04:12:37",A83EBA,"United States","United States",N630LD,,,,,,"Cirrus Design",SR22,"Cirrus Design SR22",1945,,,,,,Private,,,2006,,,,0,,,,,,0,0,0,0,0,,,,,,0,0,0,0,0,GEN-SR22
860714,"2023-12-11 04:04:42","2023-12-11 04:04:42",A51982,"United States","United States",N428DR,,,,,,Dassault,F900,"Dassault Falcon 900EX EASy",154,,,,,,"Maverick Air II LLC",,,2005,,,,0,,,,,,0,0,0,0,0,,,,,,0,0,0,0,0,GEN-F900
860693,"2023-12-11 03:39:56","2023-12-11 03:39:56",A63DCE,"United States","United States",N501BP,,,,,,"Cirrus Design",S22T,"Cirrus Design SR22T",0882,,,,,,Private,,,2014,,,,0,,,,,,0,0,0,0,0,,,,,,0,0,0,0,0,GEN-S22T
860645,"2023-12-11 02:51:03","2023-12-11 02:51:03",A4384C,"United States","United States",N371JB,,,,,,Piper,P28A,"Piper PA-28 181 Archer II",28-8490106,,,,,,Private,,,1984,,,,0,,,,,,0,0,0,0,0,,,,,,0,0,0,0,0,GEN-P28A
860564,"2023-12-11 01:57:15","2023-12-11 01:57:15",A4DB35,"United States","United States",N4117S,,,,,,"MD Helicopters",H500,"MD Helicopters 369 FF",0191FF,,,,,,Private,,,2012,,,,0,,,,,,0,0,0,0,0,,,,,,0,0,0,0,0,GEN-H500
860512,"2023-12-11 01:21:15","2023-12-11 01:21:15",A4AA98,"United States","United States",N40DE,,,,,,Piper,PA24,"Piper PA-24 400 Comanche 400",26-19,,,,,,Private,,,1964,,,,0,,,,,,0,0,0,0,0,,,,,,0,0,0,0,0,GEN-PA24
860439,"2023-12-11 00:22:16","2023-12-11 00:22:16",C03078,Canada,Canada,C-FSJF,,,,,,Bombardier,CRJ1,"Bombardier CRJ 100ER",7054,,,,,,"Avmax Group",,,,,,,0,,,,,,0,0,0,0,0,,,,,,0,0,0,0,0,GEN-CRJ1
