AircraftID,FirstCreated,LastModified,ModeS,ModeSCountry,Country,Registration,CurrentRegDate,PreviousID,FirstRegDate,Status,DeRegDate,Manufacturer,ICAOTypeCode,Type,SerialNo,PopularName,GenericName,AircraftClass,Engines,OwnershipStatus,RegisteredOwners,MTOW,TotalHours,YearBuilt,CofACategory,CofAExpiry,UserNotes,Interested,UserTag,InfoURL,PictureURL1,PictureURL2,PictureURL3,UserBool1,UserBool2,UserBool3,UserBool4,UserBool5,UserString1,UserString2,UserString3,UserString4,UserString5,UserInt1,UserInt2,UserInt3,UserInt4,UserInt5,OperatorFlagCode
860397,"2023-12-10 23:50:06","2023-12-10 23:50:06",A4C5CE,"United States","United States",N40639,,,,,,Maule,M4,"Maule M-4 220C Strata Rocket",2156C,,,,,,Private,,,1972,,,,0,,,,,,0,0,0,0,0,,,,,,0,0,0,0,0,GEN-M4
860322,"2023-12-10 22:53:52","2023-12-10 22:53:52",341096,Spain,Spain,EC-FIG,,,,,,"McDonnell Douglas",MD88,"McDonnell Douglas DC-9 88",53195,,,,,,Iberia,,,1991,,,,0,,,,,,0,0,0,0,0,,,,,,0,0,0,0,0,GEN-MD88
860273,"2023-12-10 22:11:29","2023-12-10 22:11:29",ABB9DD,"United States","United States",N8549X,,,,,,Cessna,C172,"Cessna P172D Skyhawk Powermatic",P17257149,,,,,,Private,,,1962,,,,0,,,,,,0,0,0,0,0,,,,,,0,0,0,0,0,GEN-C172
860233,"2023-12-10 21:38:25","2023-12-10 21:38:25",A3CF44,"United States","United States",N3445U,,,,,,Cessna,C182,"Cessna 182F Skylane",18254845,,,,,,Private,,,1963,,,,0,,,,,,0,0,0,0,0,,,,,,0,0,0,0,0,GEN-C182
860196,"2023-12-10 21:04:11","2023-12-10 21:04:11",A233C1,"United States","United States",N241AL,,,,,,Boeing,B752,"Boeing 757 225PCF",22210,,,,,,"DHL Aviation ME",,,1984,,,,0,,,,,,0,0,0,0,0,,,,,,0,0,0,0,0,DHX
860176,"2023-12-10 20:49:47","2023-12-10 20:49:47",A08CC7,"United States","United States",N13423,,,,,,Cessna,C172,"Cessna 172M Skyhawk",17262741,,,,,,Private,,,,,,,0,,,,,,0,0,0,0,0,,,,,,0,0,0,0,0,GEN-C172
860118,"2023-12-10 20:00:54","2023-12-10 20:00:54",AA33D8,"United States","United States",N7568W,,,,,,Piper,P28A,"Piper PA-28 180 Cherokee B",28-1510,,,,,,Private,,,1964,,,,0,,,,,,0,0,0,0,0,,,,,,0,0,0,0,0,GEN-P28A
859983,"2023-12-10 18:27:36","2023-12-10 18:27:36",A2FAF0,"United States","United States",N830TM,,,,,,"Raytheon Aircraft Company",H25B,"Raytheon Aircraft Company 125 800XP",258355,,,,,,"Travel Management Company",,,,,,,0,,,,,,0,0,0,0,0,,,,,,0,0,0,0,0,TMC
859965,"2023-12-10 18:12:44","2023-12-10 18:12:44",A34579,"United States","United States",N31LG,,,,,,Cessna,C310,"Cessna 310L",310L-0126,,,,,,Private,,,,,,,0,,,,,,0,0,0,0,0,,,,,,0,0,0,0,0,GEN-C310
859961,"2023-12-10 18:10:31","2023-12-10 18:10:31",43E87E,"Isle of Man","Isle of Man",M-EMLI,,,,,,Agusta,A109,"Agusta A.109 E Power",11123,,,,,,"Tycoon Aviation Ltd",,,2001,,,,0,,,,,,0,0,0,0,0,,,,,,0,0,0,0,0,GEN-A109
859954,"2023-12-10 18:06:09","2023-12-10 18:06:09",AB0CAF,"United States","United States",N8107F,,,,,,"Hawker Beechcraft Corp",B350,"Hawker Beechcraft Corp MC-12W Liberty",FL-757,,,,,,"United States Army",,,,,,,0,,,,,,1,0,0,0,0,,,,,,0,0,0,0,0,
859933,"2023-12-10 17:45:20","2023-12-10 17:45:20",A8A94A,"United States","United States",N6571V,,,,,,Bellanca,BL17,"Bellanca Viking 300 17-30",30246,,,,,,Private,,,1969,,,,0,,,,,,0,0,0,0,0,,,,,,0,0,0,0,0,GEN-BL17
859881,"2023-12-10 17:09:04","2023-12-10 17:09:04",407836,"United Kingdom","United Kingdom",G-UZLJ,,,,,,Airbus,A20N,"Airbus A320 251NSL",9171,,,,,,easyJet,,,2019,,,,0,,,,,,0,0,0,0,0,,,,,,0,0,0,0,0,EZY
859825,"2023-12-10 16:25:46","2023-12-10 16:25:46",C00541,Canada,Canada,C-FBZS,,,,,,Bombardier,DH8C,"Bombardier DHC-8 311Q",467,,,,,,CemAir,,,1997,,,,0,,,,,,0,0,0,0,0,,,,,,0,0,0,0,0,KEM
859795,"2023-12-10 16:07:40","2023-12-10 16:07:40",A980C2,"United States","United States",N711LD,,,,,,Piper,PAY1,"Piper PA-31T1 Cheyenne I",31T-8104040,,,,,,"Stonecrest Capital LLC",,,1981,,,,0,,,,,,0,0,0,0,0,,,,,,0,0,0,0,0,GEN-PAY1
859738,"2023-12-10 15:25:44","2023-12-10 15:25:44",A96996,"United States","United States",N70504,,,,,,"McDonnell Douglas",MD82,"McDonnell Douglas DC-9 82",49798,,,,,,"American Airlines",,,1989,,,,0,,,,,,0,0,0,0,0,,,,,,0,0,0,0,0,AAL
859656,"2023-12-10 14:23:55","2023-12-10 14:23:55",4CA8C1,Ireland,Ireland,EI-XLD,,,,,,Boeing,B744,"Boeing 747 446",26360,,,,,,"Rossiya Russian Airlines",,,1998,,,,0,,,,,,0,0,0,0,0,,,,,,0,0,0,0,0,SDM
27212,"2022-05-18 03:27:49","2023-12-10 13:22:19",48425C,Netherlands,Netherlands,,,,,,,,-GND,,,,,,,,,,,,,,,0,,,,,,0,0,0,0,0,Missing,,,,,0,0,0,0,0,GEN--GND
859556,"2023-12-10 13:17:21","2023-12-10 13:17:21",3D179F,Germany,Germany,D-EHET,,,,,,SOCATA,RALL,"SOCATA Rallye MS.893A Commodore 180",11491,,,,,,Private,,,,,,,0,,,,,,0,0,0,0,0,,,,,,0,0,0,0,0,GEN-RALL
859470,"2023-12-10 12:08:37","2023-12-10 12:08:37",44C08D,Belgium,Belgium,OO-PDM,,,,,,Glaser-Dirks,GLID,"Glaser-Dirks DG-300 Elan",3E-330,,,,,,Private,,,1989,,,,0,,,,,,0,0,0,0,0,,,,,,0,0,0,0,0,GEN-GLID
859311,"2023-12-10 10:10:39","2023-12-10 10:10:39",A8C951,"United States","United States",N6651K,,,,,,Schweizer-Grumman,G164,"Schweizer-Grumman G-164B Ag-Cat",406B,,,,,,Private,,,1978,,,,0,,,,,,0,0,0,0,0,,,,,,0,0,0,0,0,GEN-G164
859230,"2023-12-10 09:04:04","2023-12-10 09:04:04",A12D52,"United States","United States",N175SB,,,,,,Cessna,C525,"Cessna Citation CJ1",525-0371,,,,,,Corporate,,,2000,,,,0,,,,,,0,0,0,0,0,,,,,,0,0,0,0,0,GEN-C525
859200,"2023-12-10 08:44:07","2023-12-10 08:44:07",A92558,"United States","United States",N689HC,,,,,,"Textron Aviation",C25M,"Textron Aviation Citation M2",525-0894,,,,,,"FWN LLC",,,2015,,,,0,,,,,,0,0,0,0,0,,,,,,0,0,0,0,0,GEN-C25M
859196,"2023-12-10 08:39:52","2023-12-10 08:39:52",AD0B6D,"United States","United States",N94GH,,,,,,Cessna,C650,"Cessna Citation III",650-0021,,,,,,"Starflite Management Group Inc",,,,,,,0,,,,,,0,0,0,0,0,,,,,,0,0,0,0,0,GEN-C650
859140,"2023-12-10 07:44:51","2023-12-10 07:44:51",A5645C,"United States","United States",N4468E,,,,,,Aeronca,AR11,"Aeronca Super Chief 11CC",11CC-225,,,,,,Private,,,1948,,,,0,,,,,,0,0,0,0,0,,,,,,0,0,0,0,0,GEN-AR11
859112,"2023-12-10 07:16:58","2023-12-10 07:16:58",4008E1,"United Kingdom","United Kingdom",G-JMAB,,,,,,Boeing,B753,"Boeing 757 3CQ/W",32242,,,,,,"Thomas Cook Airlines",,,2001,,,,0,,,,,,0,0,0,0,0,,,,,,0,0,0,0,0,TCX
859109,"2023-12-10 07:14:41","2023-12-10 07:14:41",40775D,"United Kingdom","United Kingdom",G-NVWV,,,,,,Agusta,A109,"Agusta A.109 E Power",11725,,,,,,"Surge Air Ltd",,,2008,,,,0,,,,,,0,0,0,0,0,,,,,,0,0,0,0,0,GEN-A109
859063,"2023-12-10 06:43:06","2023-12-10 06:43:06",A232A1,"United States","United States",N2402D,,,,,,Cessna,C170,"Cessna 170B",20554,,,,,,Private,,,,,,,0,,,,,,0,0,0,0,0,,,,,,0,0,0,0,0,GEN-C170
859038,"2023-12-10 06:20:49","2023-12-10 06:20:49",404498,"United Kingdom","United Kingdom",G-BZOV,,,,,,"Cyclone Airsports",ULAC,"Cyclone Airsports Pegasus Quantum 15-912",7769,,,,,,Private,,,,,,,0,,,,,,0,0,0,0,0,,,,,,0,0,0,0,0,GEN-ULAC
858935,"2023-12-10 04:53:42","2023-12-10 04:53:42",A45AAA,"United States","United States",N38TR,,,,,,Beech,BE9L,"Beech King Air C90",LJ-908,,,,,,"National Aviation Aircraft Services Inc",,,,,,,0,,,,,,0,0,0,0,0,,,,,,0,0,0,0,0,GEN-BE9L
858920,"2023-12-10 04:42:48","2023-12-10 04:42:48",A92A99,"United States","United States",N69YX,,,,,,"Sonex Aircraft",WAIX,"Sonex Aircraft Waiex",WXB0017,,,,,,Private,,,,,,,0,,,,,,0,0,0,0,0,,,,,,0,0,0,0,0,GEN-WAIX
858786,"2023-12-10 02:31:40","2023-12-10 02:31:40",86DDFA,Japan,Japan,JA84AY,,,,,,Gyroflug,SC01,"Gyroflug Speed Canard SC-01B-160",S-20,,,,,,Private,,,,,,,0,,,,,,0,0,0,0,0,,,,,,0,0,0,0,0,GEN-SC01
858719,"2023-12-10 01:39:00","2023-12-10 01:39:00",3EF916,Germany,Germany,D-6271,,,,,,Schleicher,GLID,"Schleicher K 8 B",8415,,,,,,Private,,,1964,,,,0,,,,,,0,0,0,0,0,,,,,,0,0,0,0,0,GEN-GLID
858712,"2023-12-10 01:32:55","2023-12-10 01:32:55",AAF389,"United States","United States",N8043Q,,,,,,Piper,P28A,"Piper PA-28 181 Archer III",2881172,,,,,,Private,,,2019,,,,0,,,,,,0,0,0,0,0,,,,,,0,0,0,0,0,GEN-P28A
